{
  "backpropType" : "Standard",
  "cacheMode" : "NONE",
  "dataType" : "FLOAT",
  "defaultConfiguration" : {
    "cacheMode" : "NONE",
    "dataType" : "FLOAT",
    "epochCount" : 0,
    "iterationCount" : 0,
    "layer" : null,
    "maxNumLineSearchIterations" : 5,
    "miniBatch" : true,
    "minimize" : true,
    "optimizationAlgo" : "STOCHASTIC_GRADIENT_DESCENT",
    "seed" : 1587318348931,
    "stepFunction" : null,
    "variables" : [ "encoder_W", "encoder_RW", "encoder_b", "decoder_W", "decoder_RW", "decoder_b", "output_W", "output_b" ]
  },
  "epochCount" : 1,
  "inferenceWorkspaceMode" : "ENABLED",
  "iterationCount" : 1270,
  "networkInputs" : [ "encoderInput", "decoderInput" ],
  "networkOutputs" : [ "output" ],
  "tbpttBackLength" : 25,
  "tbpttFwdLength" : 25,
  "topologicalOrder" : [ 0, 1, 2, 3, 4, 5, 6, 7 ],
  "topologicalOrderStr" : [ "encoderInput", "decoderInput", "encoder", "thoughtVector", "dup", "merge", "decoder", "output" ],
  "trainingWorkspaceMode" : "ENABLED",
  "validateOutputLayerConfig" : true,
  "vertexInputs" : {
    "encoder" : [ "encoderInput" ],
    "thoughtVector" : [ "encoder" ],
    "dup" : [ "thoughtVector" ],
    "merge" : [ "decoderInput", "dup" ],
    "decoder" : [ "merge" ],
    "output" : [ "decoder" ]
  },
  "vertices" : {
    "encoder" : {
      "@class" : "org.deeplearning4j.nn.conf.graph.LayerVertex",
      "layerConf" : {
        "cacheMode" : "NONE",
        "dataType" : "FLOAT",
        "epochCount" : 0,
        "iterationCount" : 0,
        "layer" : {
          "@class" : "org.deeplearning4j.nn.conf.layers.LSTM",
          "activationFn" : {
            "@class" : "org.nd4j.linalg.activations.impl.ActivationTanH"
          },
          "biasInit" : 0.0,
          "biasUpdater" : null,
          "constraints" : null,
          "forgetGateBiasInit" : 1.0,
          "gainInit" : 1.0,
          "gateActivationFn" : {
            "@class" : "org.nd4j.linalg.activations.impl.ActivationSigmoid"
          },
          "gradientNormalization" : "RenormalizeL2PerLayer",
          "gradientNormalizationThreshold" : 1.0,
          "helperAllowFallback" : true,
          "idropout" : null,
          "iupdater" : {
            "@class" : "org.nd4j.linalg.learning.config.RmsProp",
            "epsilon" : 1.0E-8,
            "learningRate" : 0.1,
            "rmsDecay" : 0.95
          },
          "layerName" : "encoder",
          "nin" : 300,
          "nout" : 512,
          "regularization" : [ ],
          "regularizationBias" : [ ],
          "weightInitFn" : {
            "@class" : "org.deeplearning4j.nn.weights.WeightInitXavier"
          },
          "weightInitFnRecurrent" : null,
          "weightNoise" : null
        },
        "maxNumLineSearchIterations" : 5,
        "miniBatch" : true,
        "minimize" : true,
        "optimizationAlgo" : "STOCHASTIC_GRADIENT_DESCENT",
        "seed" : 1587318348931,
        "stepFunction" : null,
        "variables" : [ "W", "RW", "b" ]
      },
      "outputVertex" : false,
      "preProcessor" : null
    },
    "thoughtVector" : {
      "@class" : "org.deeplearning4j.nn.conf.graph.rnn.LastTimeStepVertex",
      "maskArrayInputName" : "encoderInput"
    },
    "dup" : {
      "@class" : "org.deeplearning4j.nn.conf.graph.rnn.DuplicateToTimeSeriesVertex",
      "inputName" : "decoderInput"
    },
    "merge" : {
      "@class" : "org.deeplearning4j.nn.conf.graph.MergeVertex"
    },
    "decoder" : {
      "@class" : "org.deeplearning4j.nn.conf.graph.LayerVertex",
      "layerConf" : {
        "cacheMode" : "NONE",
        "dataType" : "FLOAT",
        "epochCount" : 0,
        "iterationCount" : 0,
        "layer" : {
          "@class" : "org.deeplearning4j.nn.conf.layers.LSTM",
          "activationFn" : {
            "@class" : "org.nd4j.linalg.activations.impl.ActivationTanH"
          },
          "biasInit" : 0.0,
          "biasUpdater" : null,
          "constraints" : null,
          "forgetGateBiasInit" : 1.0,
          "gainInit" : 1.0,
          "gateActivationFn" : {
            "@class" : "org.nd4j.linalg.activations.impl.ActivationSigmoid"
          },
          "gradientNormalization" : "RenormalizeL2PerLayer",
          "gradientNormalizationThreshold" : 1.0,
          "helperAllowFallback" : true,
          "idropout" : null,
          "iupdater" : {
            "@class" : "org.nd4j.linalg.learning.config.RmsProp",
            "epsilon" : 1.0E-8,
            "learningRate" : 0.1,
            "rmsDecay" : 0.95
          },
          "layerName" : "decoder",
          "nin" : 812,
          "nout" : 512,
          "regularization" : [ ],
          "regularizationBias" : [ ],
          "weightInitFn" : {
            "@class" : "org.deeplearning4j.nn.weights.WeightInitXavier"
          },
          "weightInitFnRecurrent" : null,
          "weightNoise" : null
        },
        "maxNumLineSearchIterations" : 5,
        "miniBatch" : true,
        "minimize" : true,
        "optimizationAlgo" : "STOCHASTIC_GRADIENT_DESCENT",
        "seed" : 1587318348931,
        "stepFunction" : null,
        "variables" : [ "W", "RW", "b" ]
      },
      "outputVertex" : false,
      "preProcessor" : null
    },
    "output" : {
      "@class" : "org.deeplearning4j.nn.conf.graph.LayerVertex",
      "layerConf" : {
        "cacheMode" : "NONE",
        "dataType" : "FLOAT",
        "epochCount" : 0,
        "iterationCount" : 0,
        "layer" : {
          "@class" : "org.deeplearning4j.nn.conf.layers.RnnOutputLayer",
          "activationFn" : {
            "@class" : "org.nd4j.linalg.activations.impl.ActivationSoftmax"
          },
          "biasInit" : 0.0,
          "biasUpdater" : null,
          "constraints" : null,
          "gainInit" : 1.0,
          "gradientNormalization" : "RenormalizeL2PerLayer",
          "gradientNormalizationThreshold" : 1.0,
          "hasBias" : true,
          "idropout" : null,
          "iupdater" : {
            "@class" : "org.nd4j.linalg.learning.config.RmsProp",
            "epsilon" : 1.0E-8,
            "learningRate" : 0.1,
            "rmsDecay" : 0.95
          },
          "layerName" : "output",
          "lossFn" : {
            "@class" : "org.nd4j.linalg.lossfunctions.impl.LossMCXENT",
            "softmaxClipEps" : 1.0E-10
          },
          "nin" : 512,
          "nout" : 300,
          "regularization" : [ ],
          "regularizationBias" : [ ],
          "weightInitFn" : {
            "@class" : "org.deeplearning4j.nn.weights.WeightInitXavier"
          },
          "weightNoise" : null
        },
        "maxNumLineSearchIterations" : 5,
        "miniBatch" : true,
        "minimize" : true,
        "optimizationAlgo" : "STOCHASTIC_GRADIENT_DESCENT",
        "seed" : 1587318348931,
        "stepFunction" : null,
        "variables" : [ "W", "b" ]
      },
      "outputVertex" : false,
      "preProcessor" : null
    }
  }
}